id,cargo,bruto,liquido
41,Analista Judiciário,6558.03,2373.83
917,Analista Judiciário,13574.63,4988.77
31,Analista Judiciário,16255.35,5383.91
715,Analista Judiciário,13834.89,5508.61
858,Analista Judiciário,16040.37,5814.33
1062,Analista Judiciário,12294.91,5823.27
474,Analista Judiciário,13311.47,6268.33
553,Analista Judiciário,16201.91,6304.22
484,Analista Judiciário,17719.1,6332.21
867,Analista Judiciário,14082.24,6446.95
604,Analista Judiciário,15877.22,6493.54
373,Analista Judiciário,13338.24,6519.79
776,Analista Judiciário,12653.22,6531.13
423,Analista Judiciário,12965.84,6548.74
95,Analista Judiciário,11428.52,6550.99
247,Analista Judiciário,13428.43,6644.81
165,Analista Judiciário,14736.85,6689.66
62,Analista Judiciário,17946.19,6763.87
1041,Analista Judiciário,14240.09,6801.63
815,Analista Judiciário,15626.76,6878.02
844,Analista Judiciário,14731.28,6881.84
933,Analista Judiciário,13744.54,6907.32
857,Analista Judiciário,11073.68,6913.67
1130,Analista Judiciário,10620.27,6938.58
877,Analista Judiciário,17131.2,6960.82
1157,Analista Judiciário,16112.03,6966.82
754,Analista Judiciário,13029.64,7051.61
985,Analista Judiciário,12405.02,7124.5
962,Analista Judiciário,14405.86,7130.57
248,Analista Judiciário,15146.6,7168.38
963,Analista Judiciário,11948.86,7183.56
785,Analista Judiciário,15943.6,7209.26
786,Analista Judiciário,19568.45,7259.12
252,Analista Judiciário,16327.02,7259.21
111,Analista Judiciário,17368.74,7259.5
720,Analista Judiciário,11855.5,7265.46
97,Analista Judiciário,14368.88,7279.82
770,Analista Judiciário,15123.61,7288.28
383,Analista Judiciário,14503.78,7297.8
1042,Analista Judiciário,16759.62,7327.42
368,Analista Judiciário,11428.52,7343.75
157,Analista Judiciário,16721.15,7370.9
964,Analista Judiciário,12452.75,7385.88
956,Analista Judiciário,13063.06,7389.8
932,Analista Judiciário,12500.52,7438.21
58,Analista Judiciário,13616.35,7442.44
219,Analista Judiciário,21151.92,7497.31
229,Analista Judiciário,13977.16,7504.2
1191,Analista Judiciário,14771.42,7518.08
928,Analista Judiciário,14107.24,7532.18
693,Analista Judiciário,11911.94,7548.62
238,Analista Judiciário,17634.42,7549.85
943,Analista Judiciário,12203.38,7551.52
266,Analista Judiciário,16542,7566.61
1018,Analista Judiciário,18589.38,7591.54
350,Analista Judiciário,15104.25,7601.29
508,Analista Judiciário,13227.98,7630.12
259,Analista Judiciário,15114.58,7660.74
355,Analista Judiciário,17059.54,7675.22
610,Analista Judiciário,12735.9,7686.56
418,Analista Judiciário,12452.75,7714.95
386,Analista Judiciário,14950.97,7758.14
724,Analista Judiciário,23514.58,7761.68
954,Analista Judiciário,11428.52,7838.25
1176,Analista Judiciário,13744.54,7868.97
451,Analista Judiciário,10763.46,7869.34
393,Analista Judiciário,13684.3,7921.9
387,Analista Judiciário,12232.38,7927.25
311,Analista Judiciário,16180.94,7934.01
160,Analista Judiciário,16757.24,7942.02
1111,Analista Judiciário,11678.81,7955.79
748,Analista Judiciário,19256.05,7991.99
931,Analista Judiciário,12065.7,8022.41
70,Analista Judiciário,14929.59,8042.39
1134,Analista Judiciário,11999.34,8052.86
1036,Analista Judiciário,17483.62,8062.82
625,Analista Judiciário,13345.13,8078.14
1091,Analista Judiciário,13063.07,8090.69
1114,Analista Judiciário,13457.67,8113.72
809,Analista Judiciário,20465.6,8119.4
135,Analista Judiciário,11823.08,8130.31
757,Analista Judiciário,19184.39,8150.04
818,Analista Judiciário,20887.78,8163.81
1056,Analista Judiciário,16992.69,8163.82
293,Analista Judiciário,14662.18,8223.23
554,Analista Judiciário,23004.48,8233.46
1126,Analista Judiciário,21340.36,8233.93
316,Analista Judiciário,21064.23,8245.96
175,Analista Judiciário,11263.84,8269.87
197,Analista Judiciário,15324.37,8295.89
216,Analista Judiciário,17342.93,8339.42
289,Analista Judiciário,11744.85,8342.66
906,Analista Judiciário,11121.41,8345.29
1017,Analista Judiciário,17830.2,8367.38
76,Analista Judiciário,12357.29,8381.49
88,Analista Judiciário,13234.57,8383.11
1164,Analista Judiciário,12259.51,8386.35
352,Analista Judiciário,18515.58,8392.34
150,Analista Judiciário,16834.43,8400.26
738,Analista Judiciário,11365.1,8428.15
394,Analista Judiciário,16971.96,8447.69
583,Analista Judiciário,20890.51,8456.58
306,Analista Judiciário,11523.52,8469.18
691,Analista Judiciário,18740.86,8481.24
199,Analista Judiciário,15098.94,8492.83
49,Analista Judiciário,11744.85,8523.27
1045,Analista Judiciário,17174.89,8542.6
1150,Analista Judiciário,16708.93,8553.65
752,Analista Judiciário,17202.86,8555.7
608,Analista Judiciário,16193.15,8581.36
1026,Analista Judiciário,17200.47,8625.52
285,Analista Judiciário,17472.98,8633.69
1104,Analista Judiciário,18123.58,8648.49
172,Analista Judiciário,13311.47,8668.53
379,Analista Judiciário,13911.9,8672.83
711,Analista Judiciário,16040.37,8682.76
96,Analista Judiciário,11695.69,8712.17
139,Analista Judiciário,11403.94,8717.15
478,Analista Judiciário,15531.96,8733.16
911,Analista Judiciário,16953.64,8749.77
960,Analista Judiciário,12209.88,8761.2
243,Analista Judiciário,18157.01,8762.65
1034,Analista Judiciário,14819.81,8766.54
354,Analista Judiciário,13684.3,8846.69
403,Analista Judiciário,17691.69,8853.1
768,Analista Judiciário,20977.23,8859.24
339,Analista Judiciário,23582.56,8871.25
381,Analista Judiciário,12149.92,8878.05
969,Analista Judiciário,14303.91,8894.43
1179,Analista Judiciário,16718.4,8904.1
808,Analista Judiciário,12310.42,8904.33
1046,Analista Judiciário,12949.51,8969.59
87,Analista Judiciário,11999.34,9000.8
55,Analista Judiciário,12637.23,9010.06
178,Analista Judiciário,12389.74,9024.93
1143,Analista Judiciário,16861.72,9054.77
83,Analista Judiciário,12340.58,9069.9
621,Analista Judiciário,14328.58,9071.55
1053,Analista Judiciário,15388.49,9088.15
184,Analista Judiciário,12357.29,9092.46
1049,Analista Judiciário,13252.99,9109.18
170,Analista Judiciário,12540.52,9122.15
618,Analista Judiciário,13005.85,9124.93
703,Analista Judiciário,13938.01,9130.12
1173,Analista Judiciário,12398.26,9141.69
569,Analista Judiciário,16255.35,9148.43
499,Analista Judiciário,12758.43,9149.02
372,Analista Judiciário,16112.03,9151.22
116,Analista Judiciário,14621.41,9157.88
672,Analista Judiciário,13311.47,9163.89
1100,Analista Judiciário,12637.23,9169.9
7,Analista Judiciário,11990.31,9175.26
1057,Analista Judiciário,13034.68,9187.38
767,Analista Judiciário,12742.78,9189.25
495,Analista Judiciário,14573.09,9190.11
320,Analista Judiciário,12448.89,9194.6
292,Analista Judiciário,12466.89,9227.23
1136,Analista Judiciário,15915.26,9241.92
846,Analista Judiciário,12592.28,9246.87
769,Analista Judiciário,12164.44,9260.42
836,Analista Judiciário,14173.48,9272.49
360,Analista Judiciário,15192.88,9284.9
346,Analista Judiciário,12438.9,9298.73
994,Analista Judiciário,12462.97,9299.6
952,Analista Judiciário,12054.42,9313.61
1174,Analista Judiciário,12291.42,9318.65
442,Analista Judiciário,13744.54,9365.13
598,Analista Judiciário,12992.81,9375.22
377,Analista Judiciário,15508.4,9380.64
676,Analista Judiciário,13167.63,9383.15
559,Analista Judiciário,13259.6,9395.26
666,Analista Judiciário,15003.13,9395.65
1141,Analista Judiciário,12936.51,9397.48
365,Analista Judiciário,16291.18,9407.42
14,Analista Judiciário,24891.73,9416.04
467,Analista Judiciário,14823.95,9419.06
730,Analista Judiciário,14921.79,9435.41
641,Analista Judiciário,12989.81,9443.71
741,Analista Judiciário,17569.08,9465.26
131,Analista Judiciário,15004.66,9469
948,Analista Judiciário,13495.47,9482.02
234,Analista Judiciário,19957.03,9493.77
696,Analista Judiciário,24338.11,9496.37
84,Analista Judiciário,23510.9,9506.02
865,Analista Judiciário,17599.86,9508.04
369,Analista Judiciário,24663.97,9522.34
136,Analista Judiciário,13369.7,9523.91
699,Analista Judiciário,22452.15,9532.1
244,Analista Judiciário,14425.75,9545.99
1159,Analista Judiciário,13583.48,9549.08
463,Analista Judiciário,13304.99,9559.55
338,Analista Judiciário,13449.04,9562.11
536,Analista Judiciário,16225.41,9577.6
682,Analista Judiciário,13311.47,9578.27
982,Analista Judiciário,13397.41,9582.24
396,Analista Judiciário,22499.22,9587.47
382,Analista Judiciário,13022.66,9590.56
517,Analista Judiciário,13123.92,9633.76
425,Analista Judiciário,12500.48,9644.3
388,Analista Judiciário,15574.57,9644.82
701,Analista Judiciário,13311.47,9655.07
1117,Analista Judiciário,12592.28,9660.22
1167,Analista Judiciário,13123.92,9661.84
115,Analista Judiciário,14595.29,9676.74
887,Analista Judiciário,13022.66,9679.64
255,Analista Judiciário,20868.76,9688.37
576,Analista Judiciário,15335.52,9693.41
829,Analista Judiciário,12693.54,9702.18
660,Analista Judiciário,12423.11,9705.33
619,Analista Judiciário,12638.15,9716.19
1012,Analista Judiciário,14068.95,9724.02
114,Analista Judiciário,12613.57,9726.29
303,Analista Judiciário,13123.92,9731.82
1027,Analista Judiciário,17608.47,9744.79
4,Analista Judiciário,15668.5,9766.77
1132,Analista Judiciário,13311.47,9772.19
560,Analista Judiciário,13744.54,9796.85
606,Analista Judiciário,14587.85,9801.39
492,Analista Judiciário,17274.52,9803.8
794,Analista Judiciário,15747.67,9808.3
521,Analista Judiciário,13917.54,9817.81
1108,Analista Judiciário,13804.78,9833.14
490,Analista Judiciário,14929.59,9833.31
318,Analista Judiciário,14013.25,9835.13
239,Analista Judiciário,14537.98,9857.83
762,Analista Judiciário,21097.33,9879.58
538,Analista Judiciário,13532.85,9901.99
26,Analista Judiciário,13338.24,9928.75
1182,Analista Judiciário,13516.15,9950.9
101,Analista Judiciário,12966.61,9962.64
1180,Analista Judiciário,13744.54,9968.76
204,Analista Judiciário,15372.99,9978.73
1203,Analista Judiciário,14413.92,9984.45
850,Analista Judiciário,14087.42,9991.95
882,Analista Judiciário,17373.52,9994.36
973,Analista Judiciário,14509.42,9995.25
534,Analista Judiciário,17339.37,10024.92
528,Analista Judiciário,13954.77,10030.33
457,Analista Judiciário,22451.43,10046.33
1177,Analista Judiciário,14823.95,10053.04
868,Analista Judiciário,16903.23,10097.87
616,Analista Judiciário,15970.14,10102.41
1080,Analista Judiciário,21145.11,10127.6
297,Analista Judiciário,13605.17,10129.37
420,Analista Judiciário,13804.78,10142.63
137,Analista Judiciário,14191.34,10146.26
1119,Analista Judiciário,14410.58,10185.94
340,Analista Judiciário,14573.09,10189.18
879,Analista Judiciário,19308.6,10195.77
1197,Analista Judiciário,17370.24,10204.8
11,Analista Judiciário,13218.41,10223.98
241,Analista Judiciário,20905.57,10238.38
664,Analista Judiciário,17419.44,10256.88
732,Analista Judiciário,24764.97,10264.92
154,Analista Judiciário,16378.65,10266.52
584,Analista Judiciário,19506.86,10292.5
1107,Analista Judiciário,14442.14,10310.45
842,Analista Judiciário,16536.36,10335.82
1135,Analista Judiciário,13570.57,10347.27
830,Analista Judiciário,15092.33,10357.03
443,Analista Judiciário,15334.44,10367.53
854,Analista Judiciário,23330.88,10379.81
143,Analista Judiciário,21782.64,10394.2
950,Analista Judiciário,17692.04,10417.44
651,Analista Judiciário,14981.68,10425.49
426,Analista Judiciário,14611.59,10436.55
751,Analista Judiciário,15792.99,10439.27
944,Analista Judiciário,25344.31,10439.75
580,Analista Judiciário,14871.22,10450.44
679,Analista Judiciário,13850.75,10455.49
213,Analista Judiciário,15098.77,10457.38
837,Analista Judiciário,14613.48,10462.31
85,Analista Judiciário,14749.02,10462.36
59,Analista Judiciário,14328.58,10481.68
919,Analista Judiciário,14612.5,10482.44
810,Analista Judiciário,17419.44,10484.76
271,Analista Judiciário,13466.27,10487.78
422,Analista Judiciário,14619.95,10491.27
620,Analista Judiciário,14754.23,10492.44
905,Analista Judiciário,21304.81,10493.65
1067,Analista Judiciário,14538.05,10501.35
581,Analista Judiciário,30152.76,10504.45
147,Analista Judiciário,14929.59,10513.56
594,Analista Judiciário,15251.36,10531.8
1024,Analista Judiciário,18416.17,10551.72
663,Analista Judiciário,14690.54,10571.14
875,Analista Judiciário,15717.89,10573.61
789,Analista Judiciário,15146.69,10582.46
502,Analista Judiciário,15181.84,10590.24
51,Analista Judiciário,15170.34,10601.15
961,Analista Judiciário,15120.99,10604.4
307,Analista Judiciário,18460.68,10616.25
205,Analista Judiciário,14996.96,10627.22
8,Analista Judiciário,15106.8,10632.75
1033,Analista Judiciário,16442.31,10646.59
912,Analista Judiciário,16182.53,10648.35
257,Analista Judiciário,15007.83,10655.96
623,Analista Judiciário,14763.71,10663.14
959,Analista Judiciário,15464.46,10668.32
1149,Analista Judiciário,14767.26,10687.24
449,Analista Judiciário,13512.57,10706.51
737,Analista Judiciário,15502.91,10730.42
650,Analista Judiciário,17927.16,10747.7
193,Analista Judiciário,15123.2,10749.48
750,Analista Judiciário,20579.2,10755.25
1146,Analista Judiciário,20806.22,10759.73
361,Analista Judiciário,16255.35,10767.74
993,Analista Judiciário,22521.66,10778.68
460,Analista Judiciário,15502.91,10785.03
697,Analista Judiciário,17583.73,10790.79
325,Analista Judiciário,16882.69,10805.38
169,Analista Judiciário,14915.52,10809.5
1118,Analista Judiciário,15140.42,10818.93
1160,Analista Judiciário,14929.59,10830.79
510,Analista Judiciário,16112.03,10845.65
893,Analista Judiciário,15671.37,10846.55
27,Analista Judiciário,15248.78,10850.06
42,Analista Judiciário,15714.54,10853.9
791,Analista Judiciário,15029.44,10854.16
990,Analista Judiciário,15504.83,10871.66
655,Analista Judiciário,19151.48,10882.86
507,Analista Judiciário,15309.84,10887.1
695,Analista Judiciário,17297.08,10906.5
86,Analista Judiciário,16002.1,10914.41
556,Analista Judiciário,15513.01,10917.93
125,Analista Judiciário,15264.84,10918.94
1194,Analista Judiciário,15278.82,10921.37
461,Analista Judiciário,15502.91,10937.58
927,Analista Judiciário,17697.74,10960.95
53,Analista Judiciário,16255.35,10968.08
764,Analista Judiciário,15287.42,10974.04
104,Analista Judiciário,16365.12,10984.29
558,Analista Judiciário,15223.07,10995
491,Analista Judiciário,15842.43,10996.69
107,Analista Judiciário,16780.59,10999.65
1187,Analista Judiciário,17777.75,11014.45
274,Analista Judiciário,15861.16,11021.29
330,Analista Judiciário,15598.93,11025.23
148,Analista Judiciário,19540.75,11069.16
445,Analista Judiciário,17468.09,11082.8
1014,Analista Judiciário,17611.63,11093.21
631,Analista Judiciário,16174.14,11104.21
552,Analista Judiciário,15064.78,11142.87
579,Analista Judiciário,15278.13,11143
555,Analista Judiciário,17027.13,11146.01
73,Analista Judiciário,16255.35,11146.27
567,Analista Judiciário,16112.03,11183.34
1085,Analista Judiciário,16180.94,11189.35
1120,Analista Judiciário,15654.57,11204.07
36,Analista Judiciário,15127.16,11213.13
444,Analista Judiciário,18248.95,11217.44
100,Analista Judiciário,24079.51,11221.3
1086,Analista Judiciário,16993.31,11226.07
914,Analista Judiciário,17562.76,11234.23
532,Analista Judiciário,16470.34,11252.27
1124,Analista Judiciário,15162.61,11261.78
888,Analista Judiciário,16040.37,11270.61
870,Analista Judiciário,20918,11276.28
1165,Analista Judiciário,17134.07,11295.44
797,Analista Judiciário,23913.92,11316.13
1166,Analista Judiciário,19339.39,11319.95
661,Analista Judiciário,16442.31,11320.18
1019,Analista Judiciário,16811.03,11353.16
427,Analista Judiciário,17440.4,11359.86
694,Analista Judiciário,15817.64,11383.89
121,Analista Judiciário,17190.48,11396.7
590,Analista Judiciário,15658.1,11424.13
880,Analista Judiciário,24338.6,11431.38
485,Analista Judiciário,16961.95,11467.21
431,Analista Judiciário,16324.26,11467.48
1088,Analista Judiciário,16525.76,11516.19
1059,Analista Judiciário,18845.72,11541.89
1076,Analista Judiciário,16384.44,11566.57
683,Analista Judiciário,22993.29,11575
1097,Analista Judiciário,21066.4,11577.96
823,Analista Judiciário,21597.78,11592.92
642,Analista Judiciário,18113.94,11598.45
733,Analista Judiciário,24881.35,11619.59
1198,Analista Judiciário,16000.41,11638.62
210,Analista Judiciário,17355.55,11653.91
79,Analista Judiciário,18462.81,11658.61
262,Analista Judiciário,17539.75,11681.85
327,Analista Judiciário,17085.06,11719.29
883,Analista Judiciário,17503.31,11771.93
628,Analista Judiciário,16485.67,11786.08
563,Analista Judiciário,20627.47,11789.78
313,Analista Judiciário,17652.74,11795.22
775,Analista Judiciário,16399.49,11817.21
760,Analista Judiciário,19327.71,11824.81
1079,Analista Judiciário,17274.52,11825.95
787,Analista Judiciário,20900.39,11840.55
1001,Analista Judiciário,16037.19,11852.79
897,Analista Judiciário,16811.33,11868.58
294,Analista Judiciário,16035.36,11873.14
654,Analista Judiciário,16637.27,11890.3
1154,Analista Judiciário,16877.14,11893.48
841,Analista Judiciário,16756.66,11899.5
287,Analista Judiciário,17240.3,11925.09
417,Analista Judiciário,16833.54,11943.73
607,Analista Judiciário,22541.78,11959.61
704,Analista Judiciário,17040.87,11960.77
167,Analista Judiciário,16576.29,12021.97
864,Analista Judiciário,18810.43,12030.17
1158,Analista Judiciário,21637.11,12060.74
465,Analista Judiciário,17382.01,12066.72
246,Analista Judiciário,21568.56,12086.62
1082,Analista Judiciário,17028.51,12103.29
374,Analista Judiciário,17491.1,12106.13
1170,Analista Judiciário,17008.07,12111.86
575,Analista Judiciário,17245.33,12115.02
215,Analista Judiciário,18647.69,12138.14
398,Analista Judiciário,15509.4,12149.65
242,Analista Judiciário,19548.3,12160.16
1078,Analista Judiciário,17958.26,12176.25
834,Analista Judiciário,17803.11,12179.1
1068,Analista Judiciário,16861.72,12184.85
1139,Analista Judiciário,16877.14,12200.84
1008,Analista Judiciário,16513.67,12211.38
509,Analista Judiciário,19098.9,12218.92
763,Analista Judiciário,17495.99,12232.98
565,Analista Judiciário,24290.26,12242.01
849,Analista Judiciário,17555.17,12249.21
1013,Analista Judiciário,17257.13,12264.17
1147,Analista Judiciário,17991.46,12314.25
847,Analista Judiciário,16967.49,12316.02
965,Analista Judiciário,17117.14,12337.78
185,Analista Judiciário,17294.99,12369.99
1116,Analista Judiciário,17440.4,12385.78
591,Analista Judiciário,17419.44,12387.72
232,Analista Judiciário,16971.96,12399.82
133,Analista Judiciário,19739.57,12503.51
822,Analista Judiciário,17898.27,12549.48
220,Analista Judiciário,16181.72,12583.07
32,Analista Judiciário,17634.42,12591.56
1199,Analista Judiciário,17746.57,12604.01
909,Analista Judiciário,18264.5,12630.86
800,Analista Judiciário,18111.71,12649.51
67,Analista Judiciário,17773.33,12659.2
790,Analista Judiciário,18853.04,12752.61
781,Analista Judiciário,18577.24,12755.99
1193,Analista Judiciário,17312.03,12774.95
1190,Analista Judiciário,18810.43,12831.14
211,Analista Judiciário,19955.05,12837.71
109,Analista Judiciário,19048.45,12879.74
920,Analista Judiciário,21241.1,12888.66
827,Analista Judiciário,20454.57,12921.03
1058,Analista Judiciário,18376.96,12972.56
634,Analista Judiciário,21203.65,12974.31
78,Analista Judiciário,19843.35,13001.53
176,Analista Judiciário,19312.69,13002.17
904,Analista Judiciário,26087.1,13028.08
878,Analista Judiciário,22035.07,13041.62
296,Analista Judiciário,17917.6,13046.26
6,Analista Judiciário,18661.32,13052.22
548,Analista Judiciário,17467.83,13069.22
946,Analista Judiciário,19386.5,13072.69
1096,Analista Judiciário,18261.76,13073.51
1028,Analista Judiciário,18826.26,13085.5
646,Analista Judiciário,19811.73,13133.42
1207,Analista Judiciário,22416.45,13157.79
75,Analista Judiciário,24090.16,13165.68
323,Analista Judiciário,19159.57,13168.6
395,Analista Judiciário,18190.1,13178.55
1040,Analista Judiciário,18112.72,13197.39
1000,Analista Judiciário,17653.31,13236.29
983,Analista Judiciário,18722.96,13301.25
681,Analista Judiciário,20981.58,13312.95
531,Analista Judiciário,21382.8,13334.91
60,Analista Judiciário,18135.43,13365.07
1156,Analista Judiciário,23911.07,13439.61
250,Analista Judiciário,18983.88,13536.59
334,Analista Judiciário,18414.03,13552.15
848,Analista Judiciário,18693.25,13553.75
998,Analista Judiciário,22059.52,13571.01
978,Analista Judiciário,19419.31,13578.64
1186,Analista Judiciário,23850.89,13631.14
855,Analista Judiciário,18997.17,13654.76
173,Analista Judiciário,19363.54,13662.84
336,Analista Judiciário,21149.02,13665.61
561,Analista Judiciário,31077.44,13681.49
805,Analista Judiciário,23658.69,13711.12
414,Analista Judiciário,19442.18,13756.35
309,Analista Judiciário,19114.13,13760.2
265,Analista Judiciário,19256.05,13762.95
441,Analista Judiciário,19675.18,13769.68
235,Analista Judiciário,19055.78,13785.02
925,Analista Judiciário,19927.09,13804.31
803,Analista Judiciário,20151.6,13900.14
687,Analista Judiciário,21558.71,13966.63
840,Analista Judiciário,19344.53,13974.1
186,Analista Judiciário,25439.77,14006.69
1087,Analista Judiciário,24478.02,14006.73
141,Analista Judiciário,20816.12,14078.11
819,Analista Judiciário,20510.12,14106.33
240,Analista Judiciário,20226.46,14108.65
391,Analista Judiciário,25364.37,14146.04
1125,Analista Judiciário,19881.1,14203.28
326,Analista Judiciário,21307.69,14207.64
245,Analista Judiciário,23969,14233.87
66,Analista Judiciário,19719.88,14281.78
230,Analista Judiciário,23860.24,14283.17
1200,Analista Judiciário,19674.85,14326.82
1204,Analista Judiciário,20414.47,14355.4
702,Analista Judiciário,19208.23,14418.26
92,Analista Judiciário,21821.49,14490.5
649,Analista Judiciário,20026.71,14560.33
997,Analista Judiciário,21163.66,14709.47
566,Analista Judiciário,19470.6,14711.93
113,Analista Judiciário,23681.21,14748.21
585,Analista Judiciário,20003.97,14761.3
953,Analista Judiciário,19674.85,14857.59
191,Analista Judiciário,22759.36,14868.77
455,Analista Judiciário,24556.48,14991.58
601,Analista Judiciário,21750.81,15057.71
290,Analista Judiciário,22687.01,15116.78
407,Analista Judiciário,21640.35,15156.02
1030,Analista Judiciário,21091.78,15163.57
891,Analista Judiciário,22336.1,15174.12
913,Analista Judiciário,22378.72,15218.86
429,Analista Judiciário,22231.27,15297.37
428,Analista Judiciário,22577.28,15325.41
1,Analista Judiciário,20582.93,15402.94
203,Analista Judiciário,21643.53,15432.11
1035,Analista Judiciário,23769.12,15495.29
813,Analista Judiciário,23363.17,15517.56
188,Analista Judiciário,22099.82,15616.84
828,Analista Judiciário,24303.18,15650.78
626,Analista Judiciário,24174.95,15668.59
120,Analista Judiciário,21319.26,15678.47
765,Analista Judiciário,21686.98,15681.95
1025,Analista Judiciário,20166.05,15754.7
226,Analista Judiciário,23533.99,15879.57
874,Analista Judiciário,30022.01,15919.74
322,Analista Judiciário,24594.7,16017.29
771,Analista Judiciário,23094.71,16054.63
638,Analista Judiciário,23067.37,16214.69
630,Analista Judiciário,23908.61,16221.31
811,Analista Judiciário,24462.87,16228.68
545,Analista Judiciário,23510.9,16262.38
742,Analista Judiciário,24451.38,16275.39
209,Analista Judiciário,25098.79,16277.86
351,Analista Judiciário,26077.65,16411.72
788,Analista Judiciário,23357.19,16483.37
892,Analista Judiciário,23840.13,16507.25
1144,Analista Judiciário,24306.45,16630.6
700,Analista Judiciário,26627.32,16634.78
926,Analista Judiciário,23654.22,16634.87
301,Analista Judiciário,24505.31,16688.82
571,Analista Judiciário,23510.9,16798.32
5,Analista Judiciário,26807.49,16850.31
1037,Analista Judiciário,25701.58,16940.82
341,Analista Judiciário,24009.94,17083.92
832,Analista Judiciário,24523.04,17225.4
688,Analista Judiciário,24594.7,17281.87
2,Analista Judiciário,23934.94,17322.05
1060,Analista Judiciário,31211.64,17433.91
251,Analista Judiciário,25965.71,17519.32
146,Analista Judiciário,28849.46,17604.89
227,Analista Judiciário,25101.4,17838.17
712,Analista Judiciário,28776.26,18093.26
399,Analista Judiciário,25320.11,18186.22
198,Analista Judiciário,30429.93,18500.24
29,Analista Judiciário,25605.03,18645.68
759,Analista Judiciário,28783.23,18770.79
312,Analista Judiciário,25938.91,19206.47
10,Analista Judiciário,31710.11,19274.47
124,Analista Judiciário,29506.37,19303.9
1055,Analista Judiciário,28355.72,19595.41
986,Analista Judiciário,29107.4,19604.71
142,Analista Judiciário,31068.13,22056.08
780,Analista Judiciário,31565.29,22499.5
1044,Analista Judiciário,31417.33,23123.66
980,Não Especificado,685.02,2.05
915,Não Especificado,9295.01,666.91
18,Não Especificado,884,884
1071,Não Especificado,2263.07,933.16
692,Não Especificado,1379.07,938.4
1075,Não Especificado,1379.07,999.83
129,Não Especificado,2069.05,1108.28
535,Não Especificado,1379.07,1131.29
984,Não Especificado,1939.89,1367.68
433,Não Especificado,1379.07,1379.07
673,Não Especificado,1379.07,1379.07
1043,Não Especificado,1379.07,1379.07
28,Não Especificado,2263.07,1702.75
843,Não Especificado,1880.79,1731.22
934,Não Especificado,2538.07,1844.99
183,Não Especificado,9295.01,1971.02
416,Não Especificado,2069.05,2069.05
745,Não Especificado,3072.36,2099.9
804,Não Especificado,2263.07,2235.49
825,Não Especificado,3956.36,2630.31
1113,Não Especificado,8411.01,2814.69
90,Não Especificado,3309.93,2818.69
519,Não Especificado,3956.36,2825.12
3,Não Especificado,5484.65,3313.5
939,Não Especificado,4205.51,3895.4
537,Não Especificado,5507.86,3930.3
1142,Não Especificado,5990.88,4343.39
652,Não Especificado,5349.25,4747.57
922,Não Especificado,5990.88,5099.53
1047,Não Especificado,8411.01,5162.01
366,Não Especificado,8411.01,5208.82
182,Não Especificado,5990.88,5212.75
281,Não Especificado,9295.01,5790.67
344,Não Especificado,12266.88,5924.8
755,Não Especificado,6093.47,6093.47
860,Não Especificado,8411.01,6326.91
118,Não Especificado,7745.56,6484.89
728,Não Especificado,9295.01,6694.53
799,Não Especificado,9295.01,6893.86
105,Não Especificado,8411.01,6967.34
264,Não Especificado,8411.01,6967.34
378,Não Especificado,8411.01,6967.34
385,Não Especificado,8411.01,6967.34
758,Não Especificado,8411.01,6967.34
885,Não Especificado,8411.01,6967.34
894,Não Especificado,8411.01,6967.34
1021,Não Especificado,8411.01,6967.34
438,Não Especificado,8635.22,7129.89
921,Não Especificado,9083.75,7220.84
1188,Não Especificado,9295.01,7373.2
82,Não Especificado,10314.25,7374.27
273,Não Especificado,9295.01,7617.1
923,Não Especificado,9295.01,7629.41
61,Não Especificado,9295.01,7680.95
164,Não Especificado,11214.68,7695.89
50,Não Especificado,9295.01,7706.23
415,Não Especificado,9295.01,7734.22
600,Não Especificado,10100.74,7734.23
734,Não Especificado,9295.01,7734.63
367,Não Especificado,10100.74,7758
611,Não Especificado,12266.88,7788.54
34,Não Especificado,9295.01,7851.34
68,Não Especificado,9295.01,7851.34
268,Não Especificado,9295.01,7851.34
278,Não Especificado,9295.01,7851.34
279,Não Especificado,9295.01,7851.34
544,Não Especificado,9295.01,7851.34
937,Não Especificado,9295.01,7851.34
1105,Não Especificado,9295.01,7851.34
1172,Não Especificado,9295.01,7851.34
736,Não Especificado,10100.74,7928.9
283,Não Especificado,10100.74,8021.61
665,Não Especificado,10100.74,8047.75
766,Não Especificado,10100.74,8125.88
817,Não Especificado,11710.1,8266.14
222,Não Especificado,9739.11,8295.44
658,Não Especificado,12495.27,8330.59
1007,Não Especificado,13824.02,8525.7
1022,Não Especificado,12266.88,8622.92
957,Não Especificado,10179.01,8735.34
192,Não Especificado,14509.04,9280.46
835,Não Especificado,13824.02,9318.15
907,Não Especificado,11957.15,9465.89
801,Não Especificado,12266.88,9592.06
163,Não Especificado,13824.02,9809.09
225,Não Especificado,13824.02,9851.63
122,Não Especificado,13824.02,10166.08
873,Não Especificado,13824.02,10289.82
1133,Não Especificado,13824.02,10395.37
624,Não Especificado,13824.02,10397.5
432,Não Especificado,13824.02,10459.97
99,Não Especificado,13824.02,10461.48
304,Não Especificado,13824.02,10593.6
57,Não Especificado,13824.02,10615.74
707,Não Especificado,13824.02,10615.74
151,Não Especificado,13824.02,10720.99
389,Não Especificado,13824.02,10720.99
839,Não Especificado,13824.02,10720.99
945,Não Especificado,13824.02,10720.99
976,Não Especificado,13824.02,10720.99
979,Não Especificado,13824.02,10720.99
859,Não Especificado,13172.99,10987.82
276,Não Especificado,13689.25,11037.17
194,Não Especificado,14509.04,11050.7
89,Não Especificado,14509.04,11055.68
214,Não Especificado,13824.02,11134.87
908,Não Especificado,14509.04,11218.64
1131,Não Especificado,15109.84,12006.81
74,Não Especificado,16082.38,12548.44
181,Não Especificado,1379.07,1379.07
21,Técnico Judiciário,9060.29,1192.06
645,Técnico Judiciário,10121.65,3171.57
282,Técnico Judiciário,14581.04,3224.68
653,Técnico Judiciário,9837.75,3249.11
450,Técnico Judiciário,9595.94,3604.12
1054,Técnico Judiciário,11566.28,3767.65
901,Técnico Judiciário,7978.26,3830.22
359,Técnico Judiciário,10489.84,3874.84
324,Técnico Judiciário,7738.03,3934.49
512,Técnico Judiciário,7538.4,4039.57
678,Técnico Judiciário,7041.42,4100.76
721,Técnico Judiciário,13416.27,4142.14
974,Técnico Judiciário,7036.32,4180.06
277,Técnico Judiciário,8851.11,4213.61
596,Técnico Judiciário,12129.76,4230.78
162,Técnico Judiciário,11045.07,4251.49
662,Técnico Judiciário,8023.62,4255.18
261,Técnico Judiciário,8722.35,4266.63
410,Técnico Judiciário,7210.42,4285.62
570,Técnico Judiciário,8590.19,4304.2
783,Técnico Judiciário,8045.52,4309.27
541,Técnico Judiciário,11322.76,4323.26
236,Técnico Judiciário,10865.9,4353.74
1103,Técnico Judiciário,15434.38,4369.67
574,Técnico Judiciário,7250.85,4409.56
710,Técnico Judiciário,8465.68,4427.78
798,Técnico Judiciário,11196.69,4438.43
400,Técnico Judiciário,9558.68,4487.44
134,Técnico Judiciário,8816.84,4495.97
469,Técnico Judiciário,8751.43,4519.64
1128,Técnico Judiciário,8589.49,4526.65
333,Técnico Judiciário,8237.81,4540.02
657,Técnico Judiciário,10165.33,4570.43
525,Técnico Judiciário,8429.02,4608.92
936,Técnico Judiciário,9837.75,4611.59
1137,Técnico Judiciário,9440.08,4628.04
899,Técnico Judiciário,11973.55,4642.57
321,Técnico Judiciário,9692.7,4643.67
772,Técnico Judiciário,9310.35,4648.47
1074,Técnico Judiciário,13734.14,4682.2
761,Técnico Judiciário,9037.98,4742.01
872,Técnico Judiciário,8685.64,4745.01
25,Técnico Judiciário,7086.06,4748.85
288,Técnico Judiciário,8465.13,4750.09
918,Técnico Judiciário,8570.17,4755.94
889,Técnico Judiciário,9337.76,4778.56
916,Técnico Judiciário,10165.33,4818.61
405,Técnico Judiciário,10498.49,4861.4
37,Técnico Judiciário,6818.15,4865.54
1064,Técnico Judiciário,10664.82,4877.37
1095,Técnico Judiciário,7416.42,4882.72
342,Técnico Judiciário,8105.23,4888.54
153,Técnico Judiciário,10064.36,4892.2
436,Técnico Judiciário,12712.12,4895.26
656,Técnico Judiciário,10121.65,4907.16
705,Técnico Judiciário,8759.06,4919.65
739,Técnico Judiciário,8193.06,4932.23
670,Técnico Judiciário,7086.06,4934.14
756,Técnico Judiciário,7911.26,4936.84
863,Técnico Judiciário,10522.77,4952.56
698,Técnico Judiciário,8501.72,4972.96
551,Técnico Judiciário,9157.89,4977.92
774,Técnico Judiciário,10252.69,4978.67
992,Técnico Judiciário,7036.32,5002.91
448,Técnico Judiciário,10525.44,5006.82
812,Técnico Judiciário,10318.2,5010.34
539,Técnico Judiciário,9925.1,5016.74
1129,Técnico Judiciário,11482.65,5024.54
989,Técnico Judiciário,13993.69,5066.3
347,Técnico Judiciário,12233.14,5097.4
16,Técnico Judiciário,6818.15,5120.4
599,Técnico Judiciário,14826.51,5125.9
706,Técnico Judiciário,8003.2,5133.74
315,Técnico Judiciário,9392.75,5171.88
123,Técnico Judiciário,7478.14,5178.75
1098,Técnico Judiciário,7875.43,5180.8
1072,Técnico Judiciário,11257.12,5222.37
1069,Técnico Judiciário,10522.77,5226.57
833,Técnico Judiciário,10476.84,5228.57
792,Técnico Judiciário,11715.85,5234.58
898,Técnico Judiciário,8590.19,5242.4
513,Técnico Judiciário,10383.72,5243.41
302,Técnico Judiciário,12910.11,5292.92
648,Técnico Judiciário,10121.65,5293.95
1038,Técnico Judiciário,7848.29,5312.99
586,Técnico Judiciário,8304.77,5313.86
479,Técnico Judiciário,14800.5,5317.62
971,Técnico Judiciário,13484.28,5333.6
1050,Técnico Judiciário,9881.43,5336.97
588,Técnico Judiciário,8728.79,5358.96
689,Técnico Judiciário,10129.3,5384.46
404,Técnico Judiciário,8694.91,5388.01
996,Técnico Judiciário,7964.15,5414.97
1110,Técnico Judiciário,10783.64,5436.75
39,Técnico Judiciário,9824.71,5461.19
390,Técnico Judiciário,7036.32,5462.66
458,Técnico Judiciário,7196.19,5463.67
493,Técnico Judiciário,7012.33,5491.12
1183,Técnico Judiciário,10908.01,5494.85
562,Técnico Judiciário,7012.33,5498.22
504,Técnico Judiciário,7012.33,5526.61
94,Técnico Judiciário,10385.1,5541.29
564,Técnico Judiciário,8359.43,5548.88
593,Técnico Judiciário,11525.6,5565.16
310,Técnico Judiciário,10361,5565.95
30,Técnico Judiciário,12924.1,5566.04
1127,Técnico Judiciário,7235.22,5575.81
1162,Técnico Judiciário,8981.48,5579.34
305,Técnico Judiciário,7012.33,5582.15
91,Técnico Judiciário,10172.98,5582.41
674,Técnico Judiciário,7220.89,5597.44
852,Técnico Judiciário,10796.77,5615.4
1192,Técnico Judiciário,7109.5,5623.24
578,Técnico Judiciário,10489.84,5630.56
171,Técnico Judiciário,9653.51,5631.01
735,Técnico Judiciário,15367.92,5655.63
177,Técnico Judiciário,6996.18,5665.55
434,Técnico Judiciário,7250.85,5670.28
635,Técnico Judiciário,7036.32,5682.78
1099,Técnico Judiciário,7099.6,5692.57
412,Técnico Judiciário,7995.91,5699.81
1181,Técnico Judiciário,7026.14,5699.81
12,Técnico Judiciário,7086.06,5706.53
1084,Técnico Judiciário,11239.09,5726.48
106,Técnico Judiciário,11147.93,5731.35
424,Técnico Judiciário,7280.81,5732.58
483,Técnico Judiciário,7056.1,5753.71
1093,Técnico Judiciário,7256.11,5769.28
408,Técnico Judiciário,9163.31,5790.59
511,Técnico Judiciário,7328.56,5796.16
1101,Técnico Judiciário,9639.94,5802.83
784,Técnico Judiciário,7250.85,5807.82
573,Técnico Judiciário,7226.15,5816.69
300,Técnico Judiciário,13861.66,5820.12
523,Técnico Judiciário,9310.67,5823.84
595,Técnico Judiciário,10734.05,5824.67
466,Técnico Judiciário,7226.15,5832.28
218,Técnico Judiciário,9717.75,5845.08
749,Técnico Judiciário,8715.63,5846.25
71,Técnico Judiciário,7471.19,5848.63
577,Técnico Judiciário,11437.74,5858.2
861,Técnico Judiciário,7325.76,5858.36
40,Técnico Judiciário,10371.16,5884.59
955,Técnico Judiciário,7256.11,5886.4
680,Técnico Judiciário,8090.82,5889.26
806,Técnico Judiciário,10085.62,5894.31
1145,Técnico Judiciário,7922.57,5901.6
1153,Técnico Judiciário,10838.21,5904.04
38,Técnico Judiciário,9776.43,5921.82
196,Técnico Judiciário,14505.94,5929.79
375,Técnico Judiciário,12767.75,5931.44
103,Técnico Judiciário,9377.65,5939.38
473,Técnico Judiciário,13122.91,5941.33
876,Técnico Judiciário,8304.77,5965.68
550,Técnico Judiciário,7704.34,5970.81
189,Técnico Judiciário,10252.69,5973.16
949,Técnico Judiciário,10314.45,5982.47
308,Técnico Judiciário,7709.14,5984.46
1112,Técnico Judiciário,9639.76,5997.14
549,Técnico Judiciário,7738.03,5998.24
568,Técnico Judiciário,9979.8,6007.27
958,Técnico Judiciário,8497.31,6007.6
938,Técnico Judiciário,12787.36,6007.8
208,Técnico Judiciário,9837.75,6010.56
358,Técnico Judiciário,10071.42,6021.05
486,Técnico Judiciário,9794.07,6042.74
497,Técnico Judiciário,8529.69,6048.82
291,Técnico Judiciário,7385.56,6053.1
723,Técnico Judiciário,9380.65,6062.73
1089,Técnico Judiciário,11479.4,6079.28
166,Técnico Judiciário,10495.35,6097.54
518,Técnico Judiciário,9073.52,6110.44
671,Técnico Judiciário,8063.11,6111.47
605,Técnico Judiciário,9598.59,6143.44
947,Técnico Judiciário,8587.42,6153.16
589,Técnico Judiciário,17664.43,6157.52
110,Técnico Judiciário,12382.03,6176.02
881,Técnico Judiciário,15793.58,6205.98
970,Técnico Judiciário,12448.16,6206.5
941,Técnico Judiciário,8023.62,6221.36
280,Técnico Judiciário,8113.83,6226.69
353,Técnico Judiciário,12152.51,6232.57
1006,Técnico Judiciário,10129.3,6247.55
72,Técnico Judiciário,8513.4,6252.67
903,Técnico Judiciário,11764.44,6259.76
995,Técnico Judiciário,8240.06,6271.54
637,Técnico Judiciário,11394.06,6282.33
284,Técnico Judiciário,12321.39,6287.38
439,Técnico Judiciário,11299.08,6289.4
685,Técnico Judiciário,7853.39,6295.12
910,Técnico Judiciário,11834.89,6336.1
1175,Técnico Judiciário,9948.71,6337.08
967,Técnico Judiciário,9907.4,6340.31
987,Técnico Judiciário,7918.16,6350.33
343,Técnico Judiciário,8730,6352.08
328,Técnico Judiciário,9094.96,6355.78
298,Técnico Judiciário,10094.08,6362.93
999,Técnico Judiciário,8237.81,6363.09
362,Técnico Judiciário,14178.4,6384.37
202,Técnico Judiciário,11322.71,6396.05
773,Técnico Judiciário,8215.36,6418.12
406,Técnico Judiciário,10634.14,6419.16
440,Técnico Judiciário,10209.01,6421.82
942,Técnico Judiciário,8307.03,6425.95
1178,Técnico Judiciário,8410.29,6435.32
337,Técnico Judiciário,12738.53,6442.37
924,Técnico Judiciário,9207.96,6445.67
690,Técnico Judiciário,8391.4,6447.09
1202,Técnico Judiciário,14977.31,6451.67
269,Técnico Judiciário,9632.54,6457.07
357,Técnico Judiciário,8575.26,6457.52
747,Técnico Judiciário,8500.3,6464.83
1048,Técnico Judiciário,8037.52,6478.73
149,Técnico Judiciário,8632.33,6489.29
515,Técnico Judiciário,12787.24,6490.7
838,Técnico Judiciário,8625.2,6495.42
627,Técnico Judiciário,8197.22,6501.23
299,Técnico Judiciário,8197.22,6502.98
397,Técnico Judiciário,14120,6519.53
617,Técnico Judiciário,11326.04,6520.52
686,Técnico Judiciário,12838.33,6523.13
1083,Técnico Judiciário,8495.82,6529.44
643,Técnico Judiciário,8142.36,6531.82
856,Técnico Judiciário,12136.74,6535.34
411,Técnico Judiciário,11839.16,6546.19
145,Técnico Judiciário,20026.66,6547.69
462,Técnico Judiciário,11148.34,6556.4
152,Técnico Judiciário,8215.36,6562
746,Técnico Judiciário,11038.22,6565.47
1031,Técnico Judiciário,11350.38,6568.53
1185,Técnico Judiciário,13043.66,6570.49
20,Técnico Judiciário,14134.51,6570.97
722,Técnico Judiciário,8866.67,6575.1
647,Técnico Judiciário,9037.98,6577.09
156,Técnico Judiciário,11097.11,6579.4
718,Técnico Judiciário,11508.37,6606.28
476,Técnico Judiciário,10252.69,6606.46
314,Técnico Judiciário,9391.08,6611.64
988,Técnico Judiciário,12511.47,6616.21
56,Técnico Judiciário,8936.81,6616.53
1205,Técnico Judiciário,11371.13,6619.25
43,Técnico Judiciário,9877.13,6620.34
1155,Técnico Judiciário,9227.85,6625.16
263,Técnico Judiciário,13245.34,6636.94
778,Técnico Judiciário,9619.36,6647.21
446,Técnico Judiciário,8529.69,6650.11
981,Técnico Judiciário,8502.66,6662.16
972,Técnico Judiciário,14132.42,6669.65
543,Técnico Judiciário,13670.32,6672.01
779,Técnico Judiciário,11001.98,6686.97
603,Técnico Judiciário,15219.6,6687.18
376,Técnico Judiciário,9228.44,6690.43
940,Técnico Judiciário,8471.12,6692.4
179,Técnico Judiciário,11877.29,6695.16
1020,Técnico Judiciário,11104.79,6702.77
1039,Técnico Judiciário,10343.54,6703.38
966,Técnico Judiciário,10315.39,6709.8
524,Técnico Judiciário,8930.37,6715.13
17,Técnico Judiciário,13293.5,6737.29
1168,Técnico Judiciário,8416.99,6746.57
1121,Técnico Judiciário,11594.55,6753.71
430,Técnico Judiciário,10435.03,6761.9
1015,Técnico Judiciário,13737.07,6763.95
117,Técnico Judiciário,8621.64,6767.78
138,Técnico Judiciário,9408.58,6769.87
520,Técnico Judiciário,8857.21,6780.28
1052,Técnico Judiciário,12877.6,6789.71
668,Técnico Judiciário,14401.51,6790.32
22,Técnico Judiciário,10572.59,6810.97
866,Técnico Judiciário,8749.23,6811.5
592,Técnico Judiciário,10634.14,6817.41
130,Técnico Judiciário,11084.82,6839.93
1010,Técnico Judiciário,9714.88,6847
1109,Técnico Judiciário,9207.96,6857.58
24,Técnico Judiciário,11052.92,6860.79
155,Técnico Judiciário,16433.14,6866.11
684,Técnico Judiciário,12926.53,6869.83
356,Técnico Judiciário,13818.96,6871.47
831,Técnico Judiciário,13680.2,6880.92
669,Técnico Judiciário,12668.7,6888.73
472,Técnico Judiciário,10894.12,6909.58
217,Técnico Judiciário,17473.83,6911.37
348,Técnico Judiciário,9436.29,6932.9
1115,Técnico Judiciário,12107.9,6939.33
63,Técnico Judiciário,9519.47,6947.49
447,Técnico Judiciário,11013.5,6953.15
862,Técnico Judiciário,15820.39,6962.11
977,Técnico Judiciário,14827.5,6964.88
514,Técnico Judiciário,9411.38,6969.97
1171,Técnico Judiciário,9193.83,6977.56
725,Técnico Judiciário,12953.79,6985.56
1032,Técnico Judiciário,8747.5,6991.57
207,Técnico Judiciário,12099.26,6995.16
716,Técnico Judiciário,10587.03,7005.21
275,Técnico Judiciário,9598.59,7017.63
494,Técnico Judiciário,12275.45,7022.25
869,Técnico Judiciário,11353.3,7024.16
1065,Técnico Judiciário,10009.61,7027.92
709,Técnico Judiciário,10734.05,7054.14
258,Técnico Judiciário,9374.98,7057.26
895,Técnico Judiciário,16508.39,7058.02
542,Técnico Judiciário,13737.18,7068.88
935,Técnico Judiciário,9335.65,7089.13
615,Técnico Judiciário,14687.4,7090.81
557,Técnico Judiciário,9502.88,7095.38
260,Técnico Judiciário,17287.59,7103.15
345,Técnico Judiciário,11140.82,7133.97
675,Técnico Judiciário,13443.29,7146.63
392,Técnico Judiciário,13064.89,7149.51
853,Técnico Judiciário,8940.14,7150.55
1092,Técnico Judiciário,10085.62,7158.62
1077,Técnico Judiciário,10432.53,7177.77
168,Técnico Judiciário,9405.34,7183.12
384,Técnico Judiciário,9457.47,7200.18
1152,Técnico Judiciário,12655.53,7232.62
533,Técnico Judiciário,11429,7241.39
582,Técnico Judiciário,9402.69,7242.91
224,Técnico Judiciário,11425.33,7247.51
613,Técnico Judiciário,11038.8,7250.23
332,Técnico Judiciário,9259.41,7276.6
1189,Técnico Judiciário,10152.13,7281.65
253,Técnico Judiciário,11927.85,7302.79
482,Técnico Judiciário,14295.12,7303.9
128,Técnico Judiciário,18532.19,7312.94
1169,Técnico Judiciário,15488.62,7314.56
46,Técnico Judiciário,9453.03,7361.32
547,Técnico Judiciário,9126.17,7364.05
975,Técnico Judiciário,9672.37,7408.59
319,Técnico Judiciário,10976.27,7410.31
380,Técnico Judiciário,12463.44,7411.65
470,Técnico Judiciário,10765.46,7412.21
726,Técnico Judiciário,11093.11,7429.92
1081,Técnico Judiciário,11610.14,7448.88
249,Técnico Judiciário,10354.21,7451.96
15,Técnico Judiciário,10121.65,7454.55
991,Técnico Judiciário,10589.64,7476.28
45,Técnico Judiciário,10651.71,7511.58
421,Técnico Judiciário,11011.61,7511.82
335,Técnico Judiciário,10318.6,7529.68
144,Técnico Judiciário,10080,7530.1
1063,Técnico Judiciário,11018.83,7551.69
612,Técnico Judiciário,17747.64,7553.7
233,Técnico Judiciário,12192.66,7561.47
886,Técnico Judiciário,15915.99,7592.09
409,Técnico Judiciário,10218.46,7602.87
1140,Técnico Judiciário,11216.82,7620.52
364,Técnico Judiciário,10117.5,7621.26
796,Técnico Judiciário,9700.22,7622.43
929,Técnico Judiciário,13281.37,7629.18
1005,Técnico Judiciário,11602.05,7645.85
267,Técnico Judiciário,11872.14,7676.17
820,Técnico Judiciário,9990.23,7680.63
802,Técnico Judiciário,11019.02,7697.11
206,Técnico Judiciário,10184.67,7729.46
1184,Técnico Judiciário,10462.16,7741.42
402,Técnico Judiciário,10810.41,7803.22
1003,Técnico Judiciário,18390.81,7835.51
371,Técnico Judiciário,13340.24,7838.13
597,Técnico Judiciário,13189.06,7856.48
77,Técnico Judiciário,12204.38,7861.53
896,Técnico Judiciário,21181.42,7887.91
506,Técnico Judiciário,10283.25,7889.17
708,Técnico Judiciário,10482.81,7912.82
1009,Técnico Judiciário,11161.28,7916.47
174,Técnico Judiciário,14352.31,7920.87
1106,Técnico Judiciário,10955.42,7938.78
1094,Técnico Judiciário,10938.25,7941.71
1123,Técnico Judiciário,9436.04,7951.44
744,Técnico Judiciário,10678.8,7973.05
212,Técnico Judiciário,11404.43,7975.24
824,Técnico Judiciário,11163.44,7986.67
1004,Técnico Judiciário,10767.5,8004.18
1163,Técnico Judiciário,11041.13,8011.04
793,Técnico Judiciário,15765.64,8038.4
452,Técnico Judiciário,10994.88,8042.67
9,Técnico Judiciário,10353.17,8046.95
572,Técnico Judiciário,17182.9,8047.54
500,Técnico Judiciário,10920.68,8055.08
714,Técnico Judiciário,12269.98,8060.52
526,Técnico Judiciário,10513.56,8061.34
522,Técnico Judiciário,10403.49,8070.35
729,Técnico Judiciário,10716.83,8080.59
1201,Técnico Judiciário,10879.19,8092.92
1073,Técnico Judiciário,10892.32,8097.67
540,Técnico Judiciário,13237.69,8124.73
1102,Técnico Judiciário,11040.83,8128.58
270,Técnico Judiciário,14700.35,8142.9
140,Técnico Judiciário,10876.7,8145.41
180,Técnico Judiciário,12810.51,8147.42
69,Técnico Judiciário,25122.45,8162.74
636,Técnico Judiciário,12376.43,8163.63
477,Técnico Judiciário,15172.2,8205.77
81,Técnico Judiciário,11184.5,8206.89
614,Técnico Judiciário,15698.77,8210.61
659,Técnico Judiciário,11177.58,8238.15
65,Técnico Judiciário,14303.81,8240.27
609,Técnico Judiciário,17945.86,8241.97
98,Técnico Judiciário,10076.1,8243.11
1023,Técnico Judiciário,14740.74,8288.17
80,Técnico Judiciário,15047.55,8325.84
23,Técnico Judiciário,12105.22,8340.78
667,Técnico Judiciário,12670.95,8354.97
622,Técnico Judiciário,11310.65,8358.25
468,Técnico Judiciário,11948.67,8366.86
1070,Técnico Judiciário,16111.43,8413.17
1151,Técnico Judiciário,11087.23,8442.95
363,Técnico Judiciário,15703.45,8447.17
930,Técnico Judiciário,16279.96,8455.53
1029,Técnico Judiciário,12063.07,8535.88
93,Técnico Judiciário,12967.36,8553.43
480,Técnico Judiciário,11428.55,8570.19
35,Técnico Judiciário,11310.17,8598.48
454,Técnico Judiciário,12868.66,8609.2
52,Técnico Judiciário,12005.7,8637.69
587,Técnico Judiciário,10781.37,8638.92
529,Técnico Judiciário,18684.65,8667.57
413,Técnico Judiciário,12886.29,8693.56
487,Técnico Judiciário,11722.8,8697.88
1011,Técnico Judiciário,11770.43,8699.03
717,Técnico Judiciário,11687.6,8703.25
546,Técnico Judiciário,16665.23,8714.62
602,Técnico Judiciário,15634.62,8715.21
401,Técnico Judiciário,11613.06,8789.02
159,Técnico Judiciário,15980.85,8792.57
54,Técnico Judiciário,12061.54,8797.88
127,Técnico Judiciário,14360.84,8830.12
228,Técnico Judiciário,12535.64,8857.97
629,Técnico Judiciário,12037.09,8861.69
1138,Técnico Judiciário,12243.4,8915.02
527,Técnico Judiciário,14473.25,8949.94
102,Técnico Judiciário,10702.95,8964.63
640,Técnico Judiciário,15219.65,8981.6
951,Técnico Judiciário,15448.55,9007.59
349,Técnico Judiciário,14913.86,9029.58
1161,Técnico Judiciário,11987.25,9048.65
464,Técnico Judiciário,11176.38,9125.45
902,Técnico Judiciário,11945.78,9151.04
713,Técnico Judiciário,12503.61,9166.16
132,Técnico Judiciário,12309.82,9183.03
237,Técnico Judiciário,16479,9196.74
459,Técnico Judiciário,12851.7,9198.35
845,Técnico Judiciário,14600.91,9199.97
1148,Técnico Judiciário,13759.81,9258.83
126,Técnico Judiciário,12257.12,9266.07
201,Técnico Judiciário,16325.47,9298.53
677,Técnico Judiciário,12287.07,9313.33
719,Técnico Judiciário,13547.41,9344.93
286,Técnico Judiciário,15083.68,9345.38
200,Técnico Judiciário,17113.75,9349.57
814,Técnico Judiciário,15531.27,9395.05
435,Técnico Judiciário,11497.71,9426.83
968,Técnico Judiciário,12753.29,9449.65
740,Técnico Judiciário,14996.65,9488.54
777,Técnico Judiciário,14824.55,9504.83
826,Técnico Judiciário,13281.37,9522.49
851,Técnico Judiciário,16201.79,9572.51
743,Técnico Judiciário,18268.8,9590.27
900,Técnico Judiciário,17399.33,9591.29
19,Técnico Judiciário,17528.17,9593.22
161,Técnico Judiciário,16537.26,9638.46
108,Técnico Judiciário,13914.26,9667.42
475,Técnico Judiciário,15678.21,9740.74
437,Técnico Judiciário,12082.89,9785.38
317,Técnico Judiciário,12005.57,9796.47
884,Técnico Judiciário,13965.04,9824.3
1122,Técnico Judiciário,15416.15,9882
530,Técnico Judiciário,12844.53,9932.03
256,Técnico Judiciário,15092.06,9958.77
501,Técnico Judiciário,16631.68,10090.49
64,Técnico Judiciário,18564.23,10094.08
1090,Técnico Judiciário,20558.93,10172.73
119,Técnico Judiciário,13886.68,10247.44
753,Técnico Judiciário,17413.83,10257.25
370,Técnico Judiciário,15488.35,10266.29
44,Técnico Judiciário,14785.95,10323.52
644,Técnico Judiciário,13628.4,10323.64
33,Técnico Judiciário,14820.34,10346.55
112,Técnico Judiciário,16239.13,10389.43
456,Técnico Judiciário,14520.03,10484.79
223,Técnico Judiciário,14102.9,10515.88
1206,Técnico Judiciário,18049.22,10556.24
190,Técnico Judiciário,14676.52,10564.35
731,Técnico Judiciário,16952.85,10595.92
496,Técnico Judiciário,13410.25,10679.28
231,Técnico Judiciário,18663.7,10686.03
254,Técnico Judiciário,20233.9,10727.95
453,Técnico Judiciário,21393.01,10807.98
329,Técnico Judiciário,16960.97,10910.36
727,Técnico Judiciário,16208.11,10961.79
47,Técnico Judiciário,15279.24,11015.31
272,Técnico Judiciário,18641.85,11105.23
1195,Técnico Judiciário,17356.04,11368.71
488,Técnico Judiciário,15891.16,11379.83
221,Técnico Judiciário,16098.35,11422.99
890,Técnico Judiciário,17634.83,11553.09
1016,Técnico Judiciário,18401.16,11558.16
505,Técnico Judiciário,16243.57,11701.52
295,Técnico Judiciário,14497.33,11705.15
1196,Técnico Judiciário,22681.21,11753.66
795,Técnico Judiciário,16887.13,11776.73
158,Técnico Judiciário,16855.21,11955.16
633,Técnico Judiciário,16925.68,12099.9
821,Técnico Judiciário,18532.66,12100.18
187,Técnico Judiciário,18532.19,12216.55
481,Técnico Judiciário,18555.48,12314.12
331,Técnico Judiciário,17659.49,12381.63
13,Técnico Judiciário,16822.52,12458.35
807,Técnico Judiciário,17891.34,12597.94
489,Técnico Judiciário,17066.38,12738.43
195,Técnico Judiciário,18131.35,12754.79
1051,Técnico Judiciário,18221.46,12835.78
1061,Técnico Judiciário,18649.44,13283.59
1002,Técnico Judiciário,18177.9,13326.9
632,Técnico Judiciário,20374.75,13329.12
498,Técnico Judiciário,22791.95,13341.85
516,Técnico Judiciário,18306.88,13385.06
503,Técnico Judiciário,19351.68,13412.64
871,Técnico Judiciário,18663.7,13539.8
782,Técnico Judiciário,18496.63,13788.69
471,Técnico Judiciário,20878.76,14088.38
1066,Técnico Judiciário,22476.33,14318.53
639,Técnico Judiciário,21299.14,14734.01
816,Técnico Judiciário,19976.13,15342.48
419,Técnico Judiciário,21350.35,16724.97
48,Técnico Judiciário,29328.53,18459.95
